timestamps,TP9,AF7,AF8,TP10,Right AUX
1679952327.803,635.742,490.723,999.512,-286.621,0.000
1679952327.807,938.477,999.512,796.387,999.512,0.000
1679952327.811,-596.191,-482.910,-766.602,405.762,0.000
1679952327.815,-1000.000,-1000.000,-1000.000,-1000.000,0.000
1679952327.819,-0.488,-100.586,433.105,-710.449,0.000
1679952327.823,999.512,999.512,999.512,881.836,0.000
1679952327.827,4.883,99.121,-71.777,917.969,0.000
1679952327.830,-1000.000,-1000.000,-1000.000,-590.332,0.000
1679952327.834,-236.816,-244.629,-146.484,-1000.000,0.000
1679952327.838,999.512,999.512,999.512,152.344,0.000
1679952327.842,244.629,243.652,221.680,999.512,0.000
1679952327.846,-1000.000,-1000.000,-1000.000,9.277,0.000
1679952327.850,-546.875,-607.422,-271.973,-1000.000,0.000
1679952327.854,999.512,999.512,999.512,-240.723,0.000
1679952327.858,532.715,591.797,428.223,999.512,0.000
1679952327.862,-1000.000,-961.914,-1000.000,239.746,0.000
1679952327.866,-1000.000,-1000.000,-644.043,-1000.000,0.000
1679952327.870,437.988,295.410,937.012,-391.113,0.000
1679952327.873,999.512,999.512,916.992,999.512,0.000
1679952327.877,-414.062,-268.555,-592.285,491.211,0.000
1679952327.881,-1000.000,-1000.000,-1000.000,-1000.000,0.000
1679952327.885,-105.957,-204.590,257.324,-868.652,0.000
1679952327.889,999.512,999.512,999.512,691.406,0.000
1679952327.893,119.141,221.680,17.578,999.512,0.000
1679952327.897,-1000.000,-1000.000,-1000.000,-485.352,0.000
1679952327.901,-247.070,-302.734,-220.215,-1000.000,0.000
1679952327.905,999.512,999.512,999.512,36.133,0.000
1679952327.909,242.676,269.531,232.422,999.512,0.000
1679952327.913,-1000.000,-1000.000,-1000.000,109.375,0.000
1679952327.916,-635.254,-716.309,-324.707,-1000.000,0.000
1679952327.920,999.512,913.574,999.512,-250.977,0.000
1679952327.924,633.789,716.309,529.297,999.512,0.000
1679952327.928,-925.293,-839.355,-1000.000,243.164,0.000
1679952327.932,-1000.000,-1000.000,-771.973,-1000.000,0.000
1679952327.936,248.047,141.602,814.941,-462.891,0.000
1679952327.940,999.512,999.512,988.281,999.512,0.000
1679952327.944,-307.617,-228.516,-479.980,500.000,0.000
1679952327.948,-1000.000,-1000.000,-1000.000,-982.422,0.000
1679952327.952,-219.727,-224.609,110.840,-967.285,0.000
1679952327.956,999.512,999.512,999.512,525.879,0.000
1679952327.959,237.305,242.188,134.277,999.512,0.000
1679952327.963,-1000.000,-1000.000,-1000.000,-295.410,0.000
1679952327.967,-303.223,-397.461,-257.812,-1000.000,0.000
1679952327.971,999.512,999.512,999.512,-72.754,0.000
1679952327.975,296.387,373.535,261.719,999.512,0.000
1679952327.979,-1000.000,-1000.000,-1000.000,192.871,0.000
1679952327.983,-764.160,-847.656,-418.945,-1000.000,0.000
1679952327.987,848.145,737.305,999.512,-260.742,0.000
1679952327.991,794.922,871.094,629.395,999.512,0.000
1679952327.995,-767.578,-675.293,-963.379,265.137,0.000
1679952327.998,-1000.000,-1000.000,-895.508,-1000.000,0.000
1679952328.002,120.117,41.992,627.930,-576.660,0.000
1679952328.006,999.512,999.512,999.512,999.512,0.000
1679952328.010,-109.375,-29.297,-247.559,696.777,0.000
1679952328.014,-1000.000,-1000.000,-1000.000,-870.117,0.000
1679952328.018,-227.539,-233.887,-16.113,-1000.000,0.000
1679952328.022,999.512,999.512,999.512,320.312,0.000
1679952328.026,242.676,244.629,192.383,999.512,0.000
1679952328.030,-1000.000,-1000.000,-1000.000,-158.691,0.000
1679952328.033,-418.945,-500.977,-265.625,-1000.000,0.000
1679952328.038,999.512,999.512,999.512,-182.129,0.000
1679952328.041,394.043,472.168,320.801,999.512,0.000
1679952328.045,-1000.000,-1000.000,-1000.000,229.492,0.000
1679952328.049,-899.414,-981.934,-519.043,-1000.000,0.000
1679952328.053,652.344,523.438,999.512,-280.762,0.000
1679952328.057,936.523,999.512,758.789,999.512,0.000
1679952328.061,-597.168,-496.582,-809.082,360.840,0.000
1679952328.065,-1000.000,-1000.000,-1000.000,-1000.000,0.000
1679952328.069,7.812,-76.172,441.895,-686.035,0.000
1679952328.072,999.512,999.512,999.512,919.922,0.000
1679952328.076,3.906,87.402,-110.352,847.168,0.000
1679952328.080,-1000.000,-1000.000,-1000.000,-687.012,0.000
1679952328.084,-236.816,-244.141,-140.625,-1000.000,0.000
1679952328.088,999.512,999.512,999.512,175.293,0.000
1679952328.092,244.141,244.141,222.168,999.512,0.000
1679952328.096,-1000.000,-1000.000,-1000.000,-46.875,0.000
1679952328.100,-506.348,-587.402,-270.996,-1000.000,0.000
1679952328.104,999.512,999.512,999.512,-234.375,0.000
1679952328.108,515.137,601.074,420.410,999.512,0.000
1679952328.112,-1000.000,-955.078,-1000.000,239.746,0.000
1679952328.115,-1000.000,-1000.000,-627.441,-1000.000,0.000
1679952328.119,469.727,324.219,955.566,-368.652,0.000
1679952328.123,999.512,999.512,897.461,999.512,0.000
1679952328.127,-414.062,-318.359,-614.746,451.172,0.000
1679952328.131,-1000.000,-1000.000,-1000.000,-1000.000,0.000
1679952328.135,-105.469,-189.941,269.043,-833.496,0.000
1679952328.139,999.512,999.512,999.512,739.746,0.000
1679952328.143,119.141,203.125,6.348,961.426,0.000
1679952328.147,-1000.000,-1000.000,-1000.000,-541.992,0.000
1679952328.151,-247.559,-265.625,-214.844,-1000.000,0.000
1679952328.155,999.512,999.512,999.512,44.434,0.000
1679952328.158,243.164,239.258,231.934,999.512,0.000
1679952328.162,-1000.000,-1000.000,-1000.000,65.918,0.000
1679952328.166,-607.422,-713.379,-315.430,-1000.000,0.000
1679952328.170,999.512,916.504,999.512,-245.117,0.000
1679952328.174,605.469,700.195,508.789,999.512,0.000
1679952328.178,-939.453,-866.699,-1000.000,241.699,0.000
1679952328.182,-1000.000,-1000.000,-730.469,-1000.000,0.000
1679952328.186,228.027,160.156,834.473,-451.660,0.000
1679952328.190,999.512,999.512,999.512,999.512,0.000
1679952328.194,-219.727,-159.180,-417.969,577.148,0.000
1679952328.198,-1000.000,-1000.000,-1000.000,-1000.000,0.000
1679952328.201,-219.727,-223.145,124.023,-941.406,0.000
1679952328.205,999.512,999.512,999.512,565.918,0.000
1679952328.209,236.328,242.188,126.465,999.512,0.000
1679952328.213,-1000.000,-1000.000,-1000.000,-303.711,0.000
1679952328.217,-274.902,-389.648,-252.441,-1000.000,0.000
1679952328.221,999.512,999.512,999.512,-53.711,0.000
1679952328.225,250.977,345.703,251.465,999.512,0.000
1679952328.229,-1000.000,-1000.000,-1000.000,188.965,0.000
1679952328.233,-732.910,-840.332,-407.227,-1000.000,0.000
1679952328.237,880.371,747.559,999.512,-260.742,0.000
1679952328.241,760.742,848.145,616.699,999.512,0.000
1679952328.244,-800.293,-704.102,-981.445,265.137,0.000
1679952328.248,-1000.000,-1000.000,-865.234,-1000.000,0.000
1679952328.252,127.441,42.480,669.922,-585.449,0.000
1679952328.256,999.512,999.512,999.512,999.512,0.000
1679952328.260,-110.352,-41.016,-267.090,667.969,0.000
1679952328.264,-1000.000,-1000.000,-1000.000,-893.066,0.000
1679952328.268,-227.539,-232.422,-17.090,-1000.000,0.000
1679952328.272,999.512,999.512,999.512,295.898,0.000
1679952328.276,240.234,243.652,185.059,999.512,0.000
1679952328.280,-1000.000,-1000.000,-1000.000,-169.922,0.000
1679952328.284,-366.699,-467.773,-263.672,-1000.000,0.000
1679952328.287,999.512,999.512,999.512,-200.195,0.000
1679952328.291,380.859,460.938,300.293,999.512,0.000
1679952328.295,-1000.000,-1000.000,-1000.000,234.863,0.000
1679952328.299,-844.727,-965.820,-510.254,-1000.000,0.000
1679952328.303,729.004,554.688,999.512,-315.918,0.000
1679952328.307,912.598,987.793,729.492,999.512,0.000
1679952328.311,-616.211,-521.484,-842.285,329.102,0.000
1679952328.315,-1000.000,-1000.000,-1000.000,-1000.000,0.000
1679952328.319,20.020,-59.570,449.707,-745.117,0.000
1679952328.323,999.512,999.512,999.512,861.328,0.000
1679952328.327,2.441,79.102,-121.094,826.172,0.000
1679952328.330,-1000.000,-1000.000,-1000.000,-718.262,0.000
1679952328.334,-236.816,-243.652,-127.441,-1000.000,0.000
1679952328.338,999.512,999.512,999.512,111.328,0.000
1679952328.342,243.164,244.141,220.215,999.512,0.000
1679952328.346,-1000.000,-1000.000,-1000.000,-51.270,0.000
1679952328.350,-466.797,-552.246,-269.043,-1000.000,0.000
1679952328.354,999.512,999.512,999.512,-232.910,0.000
1679952328.358,496.582,562.500,383.301,999.512,0.000
1679952328.362,-1000.000,-980.957,-1000.000,242.188,0.000
1679952328.366,-959.961,-1000.000,-614.746,-1000.000,0.000
1679952328.370,544.922,358.887,968.750,-425.293,0.000
1679952328.373,999.512,999.512,869.141,999.512,0.000
1679952328.377,-415.527,-321.777,-652.832,451.172,0.000
1679952328.381,-1000.000,-1000.000,-1000.000,-1000.000,0.000
1679952328.385,-92.773,-170.898,269.531,-877.930,0.000
1679952328.389,999.512,999.512,999.512,669.922,0.000
1679952328.393,117.676,193.359,-10.254,989.746,0.000
1679952328.397,-1000.000,-1000.000,-1000.000,-507.812,0.000
1679952328.401,-247.559,-255.371,-204.102,-1000.000,0.000
1679952328.405,999.512,999.512,999.512,4.395,0.000
1679952328.408,243.164,240.234,230.469,999.512,0.000
1679952328.412,-1000.000,-1000.000,-1000.000,76.660,0.000
1679952328.416,-574.219,-665.527,-313.477,-1000.000,0.000
1679952328.420,999.512,972.168,999.512,-245.605,0.000
1679952328.424,570.312,668.945,500.000,999.512,0.000
1679952328.428,-959.961,-889.648,-1000.000,242.188,0.000
1679952328.432,-1000.000,-1000.000,-718.262,-1000.000,0.000
1679952328.436,257.324,170.898,853.516,-482.422,0.000
1679952328.440,999.512,999.512,999.512,999.512,0.000
1679952328.444,-251.465,-166.504,-449.219,594.727,0.000
1679952328.447,-1000.000,-1000.000,-1000.000,-997.070,0.000
1679952328.451,-218.750,-222.656,141.602,-946.777,0.000
1679952328.455,999.512,999.512,999.512,551.270,0.000
1679952328.459,235.352,240.723,118.652,999.512,0.000
1679952328.463,-1000.000,-1000.000,-1000.000,-268.066,0.000
1679952328.467,-259.277,-353.027,-249.023,-1000.000,0.000
1679952328.471,999.512,999.512,999.512,-72.754,0.000
1679952328.475,239.258,331.055,242.676,999.512,0.000
1679952328.479,-1000.000,-1000.000,-1000.000,193.848,0.000
1679952328.483,-655.762,-807.129,-389.648,-1000.000,0.000
1679952328.487,967.773,791.016,999.512,-261.230,0.000
1679952328.490,723.145,832.520,603.516,999.512,0.000
1679952328.494,-827.637,-721.680,-991.211,267.090,0.000
1679952328.498,-1000.000,-1000.000,-858.398,-1000.000,0.000
1679952328.502,157.227,69.336,682.617,-603.516,0.000
1679952328.506,999.512,999.512,999.512,999.512,0.000
1679952328.510,-112.793,-49.805,-292.480,694.824,0.000
1679952328.514,-1000.000,-1000.000,-1000.000,-872.070,0.000
1679952328.518,-227.539,-231.934,0.977,-1000.000,0.000
1679952328.522,999.512,999.512,999.512,291.992,0.000
1679952328.526,240.234,243.652,182.617,999.512,0.000
1679952328.530,-1000.000,-1000.000,-1000.000,-138.672,0.000
1679952328.533,-365.234,-463.379,-263.672,-1000.000,0.000
1679952328.537,999.512,999.512,999.512,-188.965,0.000
1679952328.541,341.797,425.293,298.340,999.512,0.000
1679952328.545,-1000.000,-1000.000,-1000.000,230.469,0.000
1679952328.549,-842.773,-955.566,-492.188,-1000.000,0.000
1679952328.553,742.188,570.801,999.512,-282.715,0.000
1679952328.557,855.469,959.961,722.656,999.512,0.000
1679952328.561,-689.941,-563.477,-853.027,389.160,0.000
1679952328.565,-1000.000,-1000.000,-996.094,-1000.000,0.000
1679952328.569,11.230,-58.105,482.422,-654.785,0.000
1679952328.573,999.512,999.512,999.512,948.730,0.000
1679952328.576,-10.254,64.941,-125.488,863.281,0.000
1679952328.580,-1000.000,-1000.000,-1000.000,-661.133,0.000
1679952328.584,-235.352,-241.699,-112.305,-1000.000,0.000
1679952328.588,999.512,999.512,999.512,201.660,0.000
1679952328.592,243.164,244.141,218.750,999.512,0.000
1679952328.596,-1000.000,-1000.000,-1000.000,-37.598,0.000
1679952328.600,-465.820,-567.871,-269.043,-1000.000,0.000
1679952328.604,999.512,999.512,999.512,-235.840,0.000
1679952328.608,443.848,531.250,375.488,999.512,0.000
1679952328.612,-1000.000,-1000.000,-1000.000,237.793,0.000
1679952328.616,-964.844,-1000.000,-592.285,-1000.000,0.000
1679952328.619,539.551,361.816,987.305,-337.402,0.000
1679952328.623,999.512,999.512,856.445,999.512,0.000
1679952328.627,-486.816,-366.211,-671.387,467.773,0.000
1679952328.631,-1000.000,-1000.000,-1000.000,-1000.000,0.000
1679952328.635,-88.379,-166.992,305.664,-802.246,0.000
1679952328.639,999.512,999.512,999.512,773.438,0.000
1679952328.643,117.188,176.758,-28.320,982.422,0.000
1679952328.647,-1000.000,-1000.000,-1000.000,-506.348,0.000
1679952328.651,-247.559,-252.930,-198.730,-1000.000,0.000
1679952328.655,999.512,999.512,999.512,72.266,0.000
1679952328.659,243.164,241.699,229.980,999.512,0.000
1679952328.662,-1000.000,-1000.000,-1000.000,66.895,0.000
1679952328.666,-561.035,-643.555,-307.129,-1000.000,0.000
1679952328.670,999.512,999.512,999.512,-246.094,0.000
1679952328.674,544.922,625.977,476.074,999.512,0.000
1679952328.678,-992.676,-928.711,-1000.000,241.211,0.000
1679952328.682,-1000.000,-1000.000,-708.008,-1000.000,0.000
1679952328.686,343.750,193.848,869.141,-441.895,0.000
1679952328.690,999.512,999.512,979.004,999.512,0.000
1679952328.694,-283.203,-182.617,-492.188,566.895,0.000
1679952328.698,-1000.000,-1000.000,-1000.000,-1000.000,0.000
1679952328.702,-205.078,-221.680,165.039,-906.738,0.000
1679952328.705,999.512,999.512,999.512,617.676,0.000
1679952328.709,233.398,240.234,81.055,999.512,0.000
1679952328.713,-1000.000,-1000.000,-1000.000,-327.637,0.000
1679952328.717,-259.766,-340.332,-243.652,-1000.000,0.000
1679952328.721,999.512,999.512,999.512,-36.621,0.000
1679952328.725,240.234,317.383,239.258,999.512,0.000
1679952328.729,-1000.000,-1000.000,-1000.000,169.434,0.000
1679952328.733,-645.996,-770.508,-385.254,-1000.000,0.000
1679952328.737,990.723,842.285,999.512,-256.836,0.000
1679952328.741,679.688,797.852,557.129,999.512,0.000
1679952328.745,-880.859,-758.301,-1000.000,241.699,0.000
1679952328.749,-1000.000,-1000.000,-846.680,-1000.000,0.000
1679952328.752,200.684,89.355,689.941,-554.688,0.000
1679952328.756,999.512,999.512,999.512,999.512,0.000
1679952328.760,-129.883,-63.965,-323.730,614.746,0.000
1679952328.764,-1000.000,-1000.000,-1000.000,-951.172,0.000
1679952328.768,-227.051,-230.957,28.320,-1000.000,0.000
1679952328.772,999.512,999.512,999.512,355.957,0.000
1679952328.776,240.234,243.164,159.180,999.512,0.000
1679952328.780,-1000.000,-1000.000,-1000.000,-237.305,0.000
1679952328.784,-361.816,-429.688,-259.766,-1000.000,0.000
1679952328.788,999.512,999.512,999.512,-176.270,0.000
1679952328.791,346.191,426.758,276.855,999.512,0.000
1679952328.795,-1000.000,-1000.000,-1000.000,222.656,0.000
1679952328.799,-786.133,-906.250,-492.188,-1000.000,0.000
1679952328.803,807.617,633.789,999.512,-266.113,0.000
1679952328.807,866.699,977.539,669.922,999.512,0.000
1679952328.811,-681.152,-537.109,-904.785,292.480,0.000
1679952328.815,-1000.000,-1000.000,-1000.000,-1000.000,0.000
1679952328.819,109.375,8.301,468.262,-698.242,0.000
1679952328.823,999.512,999.512,999.512,925.781,0.000
1679952328.826,-6.836,55.664,-199.707,749.023,0.000
1679952328.830,-1000.000,-1000.000,-1000.000,-814.941,0.000
1679952328.834,-237.793,-243.164,-101.562,-1000.000,0.000
1679952328.838,999.512,999.512,999.512,187.500,0.000
1679952328.842,242.676,243.652,208.008,999.512,0.000
1679952328.846,-1000.000,-1000.000,-1000.000,-113.281,0.000
1679952328.850,-452.148,-523.926,-267.090,-1000.000,0.000
1679952328.854,999.512,999.512,999.512,-228.027,0.000
1679952328.858,460.938,578.613,361.816,999.512,0.000
1679952328.862,-1000.000,-988.281,-1000.000,239.746,0.000
1679952328.866,-915.039,-1000.000,-588.379,-1000.000,0.000
1679952328.869,615.234,475.098,999.512,-353.516,0.000
1679952328.873,999.512,999.512,800.781,999.512,0.000
1679952328.877,-477.051,-387.695,-739.258,392.578,0.000
1679952328.881,-1000.000,-1000.000,-1000.000,-1000.000,0.000
1679952328.885,-2.930,-148.438,290.527,-837.891,0.000
1679952328.889,999.512,999.512,999.512,750.977,0.000
1679952328.893,106.445,179.199,-60.059,881.836,0.000
1679952328.897,-1000.000,-1000.000,-1000.000,-658.203,0.000
1679952328.901,-249.512,-253.906,-196.777,-1000.000,0.000
1679952328.905,999.512,999.512,999.512,51.758,0.000
1679952328.909,242.188,242.188,230.469,999.512,0.000
1679952328.912,-1000.000,-1000.000,-1000.000,-29.785,0.000
1679952328.916,-512.695,-596.680,-306.641,-1000.000,0.000
1679952328.920,999.512,999.512,999.512,-233.887,0.000
1679952328.924,601.562,658.691,433.105,999.512,0.000
1679952328.928,-977.051,-910.645,-1000.000,244.141,0.000
1679952328.932,-1000.000,-1000.000,-708.984,-1000.000,0.000
1679952328.936,458.496,301.270,873.535,-601.074,0.000
1679952328.940,999.512,999.512,940.430,999.512,0.000
1679952328.944,-232.422,-172.363,-551.270,430.664,0.000
1679952328.948,-1000.000,-1000.000,-1000.000,-1000.000,0.000
1679952328.952,-118.164,-194.824,145.508,-1000.000,0.000
1679952328.955,999.512,999.512,999.512,332.031,0.000
1679952328.959,220.703,232.422,42.480,965.332,0.000
1679952328.963,-1000.000,-1000.000,-1000.000,-554.688,0.000
1679952328.967,-263.184,-292.969,-244.629,-1000.000,0.000
1679952328.971,999.512,999.512,999.512,-140.625,0.000
1679952328.975,262.695,332.031,238.770,999.512,0.000
1679952328.979,-1000.000,-1000.000,-1000.000,89.355,0.000
1679952328.983,-602.539,-708.984,-385.742,-1000.000,0.000
1679952328.987,999.512,908.203,999.512,-241.699,0.000
1679952328.991,715.332,807.617,541.504,999.512,0.000
1679952328.995,-832.520,-738.770,-1000.000,243.652,0.000
1679952328.998,-1000.000,-1000.000,-829.102,-1000.000,0.000
1679952329.002,219.727,145.508,716.797,-577.637,0.000
1679952329.006,999.512,999.512,999.512,999.512,0.000
1679952329.010,-122.070,-68.359,-359.863,591.797,0.000
1679952329.014,-1000.000,-1000.000,-1000.000,-966.309,0.000
1679952329.018,-228.027,-231.934,40.527,-1000.000,0.000
1679952329.022,999.512,999.512,999.512,342.285,0.000
1679952329.026,236.328,241.699,148.926,999.512,0.000
1679952329.030,-1000.000,-1000.000,-1000.000,-276.855,0.000
1679952329.034,-299.805,-401.367,-258.301,-1000.000,0.000
1679952329.038,999.512,999.512,999.512,-178.223,0.000
1679952329.041,337.891,422.852,270.996,999.512,0.000
1679952329.045,-1000.000,-1000.000,-1000.000,220.215,0.000
1679952329.049,-769.531,-875.488,-461.426,-1000.000,0.000
1679952329.053,833.496,691.406,999.512,-276.367,0.000
1679952329.057,846.680,937.012,672.852,999.512,0.000
1679952329.061,-700.684,-589.844,-912.598,289.551,0.000
1679952329.065,-1000.000,-1000.000,-963.867,-1000.000,0.000
1679952329.069,110.840,26.367,534.668,-662.109,0.000
1679952329.073,999.512,999.512,999.512,958.984,0.000
1679952329.077,-22.461,43.457,-192.871,741.211,0.000
1679952329.081,-1000.000,-1000.000,-1000.000,-818.359,0.000
1679952329.084,-236.328,-241.699,-68.359,-1000.000,0.000
1679952329.088,999.512,999.512,999.512,204.102,0.000
1679952329.092,242.188,243.652,206.055,999.512,0.000
1679952329.096,-1000.000,-1000.000,-1000.000,-105.469,0.000
1679952329.100,-434.570,-509.766,-267.578,-1000.000,0.000
1679952329.104,999.512,999.512,999.512,-222.656,0.000
1679952329.108,443.848,520.020,350.098,999.512,0.000
1679952329.112,-1000.000,-1000.000,-1000.000,237.305,0.000
1679952329.116,-921.387,-1000.000,-561.523,-1000.000,0.000
1679952329.120,636.719,488.281,999.512,-325.195,0.000
1679952329.123,942.383,999.512,812.500,999.512,0.000
1679952329.127,-587.891,-425.781,-737.305,432.617,0.000
1679952329.131,-1000.000,-1000.000,-1000.000,-1000.000,0.000
1679952329.135,-11.719,-136.719,362.305,-726.562,0.000
1679952329.139,999.512,999.512,999.512,851.562,0.000
1679952329.143,50.781,184.570,-37.598,970.215,0.000
1679952329.147,-1000.000,-1000.000,-1000.000,-521.973,0.000
1679952329.151,-242.188,-255.371,-168.457,-1000.000,0.000
1679952329.155,999.512,999.512,999.512,145.996,0.000
1679952329.158,244.141,240.723,224.121,999.512,0.000
1679952329.163,-1000.000,-1000.000,-1000.000,108.887,0.000
1679952329.166,-560.547,-659.668,-279.785,-1000.000,0.000
1679952329.170,999.512,992.676,999.512,-254.395,0.000
1679952329.174,521.484,588.867,474.121,999.512,0.000
1679952329.178,-987.793,-949.707,-1000.000,246.582,0.000
1679952329.182,-1000.000,-1000.000,-642.090,-1000.000,0.000
1679952329.186,299.805,191.895,923.828,-328.613,0.000
1679952329.190,999.512,999.512,980.469,999.512,0.000
1679952329.194,-402.344,-287.109,-486.816,682.617,0.000
1679952329.198,-1000.000,-1000.000,-1000.000,-943.848,0.000
1679952329.201,-207.031,-215.332,240.234,-773.926,0.000
1679952329.205,999.512,999.512,999.512,776.855,0.000
1679952329.209,134.277,217.773,95.703,999.512,0.000
1679952329.213,-1000.000,-1000.000,-1000.000,-145.508,0.000
1679952329.217,-250.000,-361.816,-225.586,-1000.000,0.000
1679952329.221,999.512,999.512,999.512,103.027,0.000
1679952329.225,238.281,255.371,231.445,999.512,0.000
1679952329.229,-1000.000,-1000.000,-1000.000,194.336,0.000
1679952329.233,-728.516,-838.379,-315.430,-1000.000,0.000
1679952329.237,916.016,767.090,999.512,-271.973,0.000
1679952329.240,639.160,728.516,583.008,999.512,0.000
1679952329.244,-928.711,-849.121,-1000.000,357.910,0.000
1679952329.248,-1000.000,-1000.000,-763.672,-1000.000,0.000
1679952329.252,166.992,65.918,797.852,-463.867,0.000
1679952329.256,999.512,999.512,999.512,999.512,0.000
1679952329.260,-214.355,-127.930,-323.730,732.422,0.000
1679952329.264,-1000.000,-1000.000,-1000.000,-839.355,0.000
1679952329.268,-219.238,-224.121,76.172,-998.535,0.000
1679952329.272,999.512,999.512,999.512,501.465,0.000
1679952329.276,241.211,243.652,162.109,999.512,0.000
1679952329.280,-1000.000,-1000.000,-1000.000,-154.785,0.000
1679952329.284,-364.746,-433.594,-261.719,-1000.000,0.000
1679952329.287,999.512,999.512,999.512,-110.352,0.000
1679952329.291,340.820,397.461,269.531,999.512,0.000
1679952329.295,-1000.000,-1000.000,-1000.000,218.750,0.000
1679952329.299,-791.504,-885.254,-436.035,-1000.000,0.000
1679952329.303,825.684,686.035,999.512,-268.066,0.000
1679952329.307,798.340,895.508,654.785,999.512,0.000
1679952329.311,-768.555,-647.949,-932.129,346.680,0.000
1679952329.315,-1000.000,-1000.000,-937.988,-1000.000,0.000
1679952329.319,120.117,14.648,570.312,-606.934,0.000
1679952329.323,999.512,999.512,999.512,994.629,0.000
1679952329.327,-109.375,-9.766,-214.844,807.617,0.000
1679952329.330,-1000.000,-1000.000,-1000.000,-727.539,0.000
1679952329.334,-227.051,-234.863,-37.598,-1000.000,0.000
1679952329.338,999.512,999.512,999.512,238.281,0.000
1679952329.342,244.141,244.629,199.219,999.512,0.000
1679952329.346,-1000.000,-1000.000,-1000.000,-54.688,0.000
1679952329.350,-455.566,-520.508,-267.090,-1000.000,0.000
1679952329.354,999.512,999.512,999.512,-212.891,0.000
1679952329.358,447.754,501.953,336.914,999.512,0.000
1679952329.362,-1000.000,-1000.000,-1000.000,232.910,0.000
1679952329.366,-921.387,-1000.000,-547.852,-1000.000,0.000
1679952329.370,638.184,481.934,999.512,-301.758,0.000
1679952329.373,937.500,999.512,790.039,999.512,0.000
1679952329.377,-596.191,-464.844,-764.648,450.684,0.000
1679952329.381,-1000.000,-1000.000,-1000.000,-1000.000,0.000
1679952329.385,0.000,-151.367,375.977,-740.234,0.000
1679952329.389,999.512,999.512,999.512,851.562,0.000
1679952329.393,4.883,113.281,-81.543,952.637,0.000
1679952329.397,-1000.000,-1000.000,-1000.000,-542.969,0.000
1679952329.401,-236.816,-244.141,-157.715,-1000.000,0.000
1679952329.405,999.512,999.512,999.512,130.371,0.000
1679952329.409,245.117,243.652,224.609,999.512,0.000
1679952329.413,-1000.000,-1000.000,-1000.000,49.316,0.000
1679952329.416,-552.734,-611.328,-288.574,-1000.000,0.000
1679952329.420,999.512,999.512,999.512,-245.117,0.000
1679952329.424,546.387,598.633,428.223,999.512,0.000
1679952329.428,-1000.000,-952.148,-1000.000,241.211,0.000
1679952329.432,-1000.000,-1000.000,-674.805,-1000.000,0.000
1679952329.436,457.520,297.852,935.059,-381.348,0.000
1679952329.440,999.512,999.512,865.723,999.512,0.000
1679952329.444,-502.441,-357.422,-668.945,433.594,0.000
1679952329.448,-1000.000,-1000.000,-1000.000,-1000.000,0.000
1679952329.452,-107.422,-207.520,209.473,-891.113,0.000
1679952329.456,999.512,999.512,999.512,704.102,0.000
1679952329.459,139.160,227.539,26.855,943.359,0.000
1679952329.463,-1000.000,-1000.000,-1000.000,-588.379,0.000
1679952329.467,-250.488,-292.969,-229.492,-1000.000,0.000
1679952329.471,999.512,999.512,999.512,11.230,0.000
1679952329.475,242.188,275.391,234.863,999.512,0.000
1679952329.479,-1000.000,-1000.000,-1000.000,132.812,0.000
1679952329.483,-633.789,-727.051,-347.656,-1000.000,0.000
1679952329.487,999.512,899.414,999.512,-253.418,0.000
1679952329.491,637.207,735.352,507.812,999.512,0.000
1679952329.495,-924.316,-830.078,-1000.000,241.699,0.000
1679952329.498,-1000.000,-1000.000,-795.410,-1000.000,0.000
1679952329.502,229.980,152.344,761.719,-512.695,0.000
1679952329.506,999.512,999.512,999.512,999.512,0.000
1679952329.510,-219.727,-132.324,-412.109,604.492,0.000
1679952329.514,-1000.000,-1000.000,-1000.000,-977.539,0.000
1679952329.518,-219.727,-225.586,79.102,-1000.000,0.000
1679952329.522,999.512,999.512,999.512,474.121,0.000
1679952329.526,237.305,242.676,127.441,999.512,0.000
1679952329.530,-1000.000,-1000.000,-1000.000,-262.695,0.000
1679952329.533,-303.711,-401.855,-255.859,-1000.000,0.000
1679952329.538,999.512,999.512,999.512,-113.281,0.000
1679952329.541,323.730,388.184,255.859,999.512,0.000
1679952329.545,-1000.000,-1000.000,-1000.000,210.449,0.000
1679952329.549,-770.508,-862.305,-442.871,-1000.000,0.000
1679952329.553,848.633,716.309,999.512,-263.672,0.000
1679952329.557,794.434,889.160,625.488,999.512,0.000
1679952329.561,-767.578,-652.832,-961.426,296.875,0.000
1679952329.565,-1000.000,-1000.000,-926.758,-1000.000,0.000
1679952329.569,120.117,31.738,583.496,-596.680,0.000
1679952329.573,999.512,999.512,999.512,999.512,0.000
1679952329.576,-109.375,-18.555,-246.582,728.516,0.000
1679952329.580,-1000.000,-1000.000,-1000.000,-835.449,0.000
1679952329.584,-227.539,-234.375,-44.434,-1000.000,0.000
1679952329.588,999.512,999.512,999.512,299.805,0.000
1679952329.592,242.188,244.141,193.848,999.512,0.000
1679952329.596,-1000.000,-1000.000,-1000.000,-127.441,0.000
1679952329.600,-415.527,-493.652,-264.648,-1000.000,0.000
1679952329.604,999.512,999.512,999.512,-196.777,0.000
1679952329.608,427.734,507.812,317.383,999.512,0.000
1679952329.612,-1000.000,-1000.000,-1000.000,230.957,0.000
1679952329.615,-906.738,-1000.000,-539.062,-1000.000,0.000
1679952329.619,654.297,501.953,999.512,-281.250,0.000
1679952329.623,936.035,999.512,743.164,999.512,0.000
1679952329.627,-596.680,-483.398,-817.871,386.719,0.000
1679952329.631,-1000.000,-1000.000,-1000.000,-1000.000,0.000
1679952329.635,7.812,-75.195,387.207,-688.477,0.000
1679952329.639,999.512,999.512,999.512,919.922,0.000
1679952329.643,3.906,95.703,-100.098,858.887,0.000
1679952329.647,-1000.000,-1000.000,-1000.000,-666.016,0.000
1679952329.651,-236.816,-245.117,-153.809,-1000.000,0.000
1679952329.655,999.512,999.512,999.512,156.738,0.000
1679952329.658,243.652,244.141,224.121,999.512,0.000
1679952329.662,-1000.000,-1000.000,-1000.000,-37.598,0.000
1679952329.666,-500.000,-586.426,-281.738,-1000.000,0.000
1679952329.670,999.512,999.512,999.512,-235.352,0.000
1679952329.674,538.574,586.914,403.320,999.512,0.000
1679952329.678,-1000.000,-966.309,-1000.000,239.746,0.000
1679952329.682,-1000.000,-1000.000,-655.762,-1000.000,0.000
1679952329.686,478.516,322.754,936.523,-375.488,0.000
1679952329.690,999.512,999.512,878.418,999.512,0.000
1679952329.694,-414.062,-278.809,-642.090,470.215,0.000
1679952329.698,-1000.000,-1000.000,-1000.000,-1000.000,0.000
1679952329.701,-105.957,-189.453,234.375,-851.562,0.000
1679952329.705,999.512,999.512,999.512,711.426,0.000
1679952329.709,121.094,217.285,-4.395,991.211,0.000
1679952329.713,-1000.000,-1000.000,-1000.000,-499.023,0.000
1679952329.717,-247.559,-265.625,-221.191,-1000.000,0.000
1679952329.721,999.512,999.512,999.512,26.367,0.000
1679952329.725,242.676,267.090,234.375,999.512,0.000
1679952329.729,-1000.000,-1000.000,-1000.000,69.824,0.000
1679952329.733,-566.895,-675.781,-340.820,-1000.000,0.000
1679952329.737,999.512,953.613,999.512,-245.117,0.000
1679952329.741,628.906,721.680,482.910,999.512,0.000
1679952329.744,-932.617,-834.473,-1000.000,242.676,0.000
1679952329.748,-1000.000,-1000.000,-771.484,-1000.000,0.000
1679952329.752,301.758,170.410,793.945,-503.418,0.000
1679952329.756,999.512,999.512,999.512,999.512,0.000
1679952329.760,-221.191,-144.043,-459.473,551.758,0.000
1679952329.764,-1000.000,-1000.000,-1000.000,-1000.000,0.000
1679952329.768,-219.727,-224.609,83.496,-989.746,0.000
1679952329.772,999.512,999.512,999.512,490.234,0.000
1679952329.776,234.863,240.723,106.445,999.512,0.000
1679952329.780,-1000.000,-1000.000,-1000.000,-326.660,0.000
1679952329.784,-264.160,-361.328,-251.953,-1000.000,0.000
1679952329.788,999.512,999.512,999.512,-99.121,0.000
1679952329.791,312.012,371.094,240.723,999.512,0.000
1679952329.795,-1000.000,-1000.000,-1000.000,182.617,0.000
1679952329.799,-672.852,-833.984,-433.594,-1000.000,0.000
1679952329.803,952.148,758.789,999.512,-256.836,0.000
1679952329.807,776.367,864.746,604.492,999.512,0.000
1679952329.811,-767.090,-682.617,-981.445,246.582,0.000
1679952329.815,-1000.000,-1000.000,-914.062,-1000.000,0.000
1679952329.819,146.973,58.105,602.539,-592.285,0.000
1679952329.823,999.512,999.512,999.512,999.512,0.000
1679952329.827,-111.816,-26.855,-279.785,682.129,0.000
1679952329.831,-1000.000,-1000.000,-1000.000,-884.766,0.000
1679952329.834,-227.539,-234.375,-21.973,-1000.000,0.000
1679952329.838,999.512,999.512,999.512,300.781,0.000
1679952329.842,240.723,243.652,187.500,999.512,0.000
1679952329.846,-1000.000,-1000.000,-1000.000,-159.668,0.000
1679952329.850,-367.676,-469.238,-263.672,-1000.000,0.000
1679952329.854,999.512,999.512,999.512,-188.477,0.000
1679952329.858,405.762,466.309,301.758,999.512,0.000
1679952329.862,-1000.000,-1000.000,-1000.000,230.957,0.000
1679952329.866,-859.375,-1000.000,-522.461,-1000.000,0.000
1679952329.870,712.402,479.980,999.512,-290.039,0.000
1679952329.874,928.711,999.512,736.816,999.512,0.000
1679952329.877,-597.168,-492.188,-825.195,362.305,0.000
1679952329.881,-1000.000,-1000.000,-1000.000,-1000.000,0.000
1679952329.885,21.484,-54.199,403.809,-690.430,0.000
1679952329.889,999.512,999.512,999.512,914.551,0.000
1679952329.893,2.441,122.070,-112.305,850.098,0.000
1679952329.897,-1000.000,-1000.000,-1000.000,-680.176,0.000
1679952329.901,-236.816,-249.512,-141.113,-1000.000,0.000
1679952329.905,999.512,999.512,999.512,158.203,0.000
1679952329.909,243.164,243.164,222.168,999.512,0.000
1679952329.913,-1000.000,-1000.000,-1000.000,-41.016,0.000
1679952329.916,-467.285,-566.406,-272.949,-1000.000,0.000
1679952329.920,999.512,999.512,999.512,-234.863,0.000
1679952329.924,508.301,573.730,387.207,999.512,0.000
1679952329.928,-1000.000,-974.121,-1000.000,240.723,0.000
1679952329.932,-980.957,-1000.000,-613.281,-1000.000,0.000
1679952329.936,517.578,341.309,973.633,-390.625,0.000
1679952329.940,999.512,999.512,856.445,999.512,0.000
1679952329.944,-416.016,-296.387,-661.133,467.285,0.000
1679952329.948,-1000.000,-1000.000,-1000.000,-1000.000,0.000
1679952329.951,-90.820,-169.434,245.117,-854.004,0.000
1679952329.955,999.512,999.512,999.512,703.125,0.000
1679952329.959,117.188,205.566,-19.531,998.535,0.000
1679952329.963,-1000.000,-1000.000,-1000.000,-492.188,0.000
1679952329.967,-247.559,-257.324,-215.332,-1000.000,0.000
1679952329.971,999.512,999.512,999.512,37.109,0.000
1679952329.975,242.676,244.629,232.422,999.512,0.000
1679952329.979,-1000.000,-1000.000,-1000.000,94.238,0.000
1679952329.983,-566.406,-690.430,-314.941,-1000.000,0.000
1679952329.987,999.512,945.312,999.512,-249.023,0.000
1679952329.991,603.516,687.988,492.676,999.512,0.000
1679952329.994,-948.730,-877.441,-1000.000,241.699,0.000
1679952329.998,-1000.000,-1000.000,-747.070,-1000.000,0.000
1679952330.002,298.828,179.199,831.543,-481.934,0.000
1679952330.006,999.512,999.512,983.887,999.512,0.000
1679952330.010,-221.191,-157.715,-482.910,594.727,0.000
1679952330.014,-1000.000,-1000.000,-1000.000,-994.629,0.000
1679952330.018,-219.727,-223.633,110.352,-953.125,0.000
1679952330.022,999.512,999.512,999.512,538.086,0.000
1679952330.026,234.863,240.723,110.352,999.512,0.000
1679952330.030,-1000.000,-1000.000,-1000.000,-252.441,0.000
1679952330.034,-260.254,-358.887,-252.930,-1000.000,0.000
1679952330.037,999.512,999.512,999.512,-71.289,0.000
1679952330.041,249.023,335.938,238.281,999.512,0.000
1679952330.045,-1000.000,-1000.000,-1000.000,204.102,0.000
1679952330.049,-677.246,-826.660,-397.949,-1000.000,0.000
1679952330.053,942.871,767.090,999.512,-264.160,0.000
1679952330.057,742.676,840.332,605.469,999.512,0.000
1679952330.061,-809.082,-714.844,-987.305,289.551,0.000
1679952330.065,-1000.000,-1000.000,-873.535,-1000.000,0.000
1679952330.069,144.531,54.688,657.715,-564.453,0.000
1679952330.073,999.512,999.512,999.512,999.512,0.000
1679952330.077,-111.816,-23.438,-273.926,719.727,0.000
1679952330.080,-1000.000,-1000.000,-1000.000,-840.332,0.000
1679952330.084,-227.539,-234.863,0.000,-1000.000,0.000
1679952330.088,999.512,999.512,999.512,319.824,0.000
1679952330.092,240.234,243.164,173.340,999.512,0.000
1679952330.096,-1000.000,-1000.000,-1000.000,-151.855,0.000
1679952330.100,-366.699,-448.730,-262.207,-1000.000,0.000
1679952330.104,999.512,999.512,999.512,-198.730,0.000
1679952330.108,384.766,444.824,292.480,999.512,0.000
1679952330.112,-1000.000,-1000.000,-1000.000,232.910,0.000
1679952330.116,-789.551,-934.570,-507.812,-1000.000,0.000
1679952330.120,800.781,596.191,999.512,-297.852,0.000
1679952330.123,901.367,981.934,703.613,999.512,0.000
1679952330.127,-622.070,-524.902,-872.559,363.770,0.000
1679952330.131,-1000.000,-1000.000,-1000.000,-1000.000,0.000
1679952330.135,53.223,-47.852,462.402,-727.051,0.000
1679952330.139,999.512,999.512,999.512,880.859,0.000
1679952330.143,-0.977,67.871,-156.250,851.074,0.000
1679952330.147,-1000.000,-1000.000,-1000.000,-682.617,0.000
1679952330.151,-237.305,-242.676,-121.582,-1000.000,0.000
1679952330.155,999.512,999.512,999.512,124.512,0.000
1679952330.159,243.164,244.141,215.820,999.512,0.000
1679952330.163,-1000.000,-1000.000,-1000.000,-43.457,0.000
1679952330.166,-466.797,-541.992,-267.578,-1000.000,0.000
1679952330.170,999.512,999.512,999.512,-233.887,0.000
1679952330.174,497.070,551.758,355.957,999.512,0.000
1679952330.178,-1000.000,-995.117,-1000.000,241.211,0.000
1679952330.182,-917.480,-1000.000,-618.652,-1000.000,0.000
1679952330.186,607.910,401.855,969.238,-402.344,0.000
1679952330.190,999.512,999.512,836.914,999.512,0.000
1679952330.194,-419.922,-329.102,-693.848,462.402,0.000
1679952330.198,-1000.000,-1000.000,-1000.000,-1000.000,0.000
1679952330.202,-54.199,-159.180,257.812,-859.863,0.000
1679952330.206,999.512,999.512,999.512,696.289,0.000
1679952330.209,112.793,192.871,-42.969,992.676,0.000
1679952330.213,-1000.000,-1000.000,-1000.000,-500.488,0.000
1679952330.217,-248.535,-255.371,-210.449,-1000.000,0.000
1679952330.221,999.512,999.512,999.512,24.414,0.000
1679952330.225,243.164,241.211,232.422,999.512,0.000
1679952330.229,-1000.000,-1000.000,-1000.000,74.707,0.000
1679952330.233,-561.035,-634.277,-314.941,-1000.000,0.000
1679952330.237,999.512,999.512,999.512,-245.605,0.000
1679952330.241,594.727,651.367,464.844,999.512,0.000
1679952330.245,-974.609,-902.832,-1000.000,241.699,0.000
1679952330.249,-1000.000,-1000.000,-751.953,-1000.000,0.000
1679952330.252,392.090,197.266,824.219,-472.656,0.000
1679952330.256,999.512,999.512,973.145,999.512,0.000
1679952330.260,-243.164,-173.340,-506.836,582.520,0.000
1679952330.264,-1000.000,-1000.000,-1000.000,-997.559,0.000
1679952330.268,-184.082,-222.656,122.559,-960.938,0.000
1679952330.272,999.512,999.512,999.512,539.062,0.000
1679952330.276,229.980,239.746,71.777,999.512,0.000
1679952330.280,-1000.000,-1000.000,-1000.000,-313.477,0.000
1679952330.284,-260.254,-337.891,-248.047,-1000.000,0.000
1679952330.288,999.512,999.512,999.512,-44.922,0.000
1679952330.291,240.234,317.871,238.281,999.512,0.000
1679952330.295,-1000.000,-1000.000,-1000.000,190.430,0.000
1679952330.299,-644.531,-851.562,-388.672,-1000.000,0.000
1679952330.303,985.352,727.051,999.512,-262.695,0.000
1679952330.307,704.102,856.445,560.059,999.512,0.000
1679952330.311,-851.562,-705.078,-1000.000,286.133,0.000
1679952330.315,-1000.000,-1000.000,-854.980,-1000.000,0.000
1679952330.319,186.523,78.613,676.758,-532.715,0.000
1679952330.323,999.512,999.512,999.512,999.512,0.000
1679952330.326,-118.652,-62.012,-310.059,697.754,0.000
1679952330.330,-1000.000,-1000.000,-1000.000,-869.629,0.000
1679952330.334,-227.539,-230.957,16.602,-1000.000,0.000
1679952330.338,999.512,999.512,999.512,374.512,0.000
1679952330.342,240.234,243.164,158.203,999.512,0.000
1679952330.346,-1000.000,-1000.000,-1000.000,-162.598,0.000
1679952330.350,-365.234,-437.012,-259.766,-1000.000,0.000
1679952330.354,999.512,999.512,999.512,-150.391,0.000
1679952330.358,349.121,468.262,283.203,999.512,0.000
1679952330.362,-1000.000,-1000.000,-1000.000,224.121,0.000
1679952330.366,-785.156,-902.344,-506.348,-1000.000,0.000
1679952330.369,804.688,659.180,999.512,-267.090,0.000
1679952330.373,878.906,958.496,678.223,999.512,0.000
1679952330.377,-662.109,-549.805,-895.996,340.332,0.000
1679952330.381,-1000.000,-1000.000,-1000.000,-1000.000,0.000
1679952330.385,95.215,-43.945,451.660,-671.875,0.000
1679952330.389,999.512,999.512,999.512,942.871,0.000
1679952330.393,-5.371,62.012,-182.617,803.711,0.000
1679952330.397,-1000.000,-1000.000,-1000.000,-740.723,0.000
1679952330.401,-237.793,-241.699,-111.328,-1000.000,0.000
1679952330.405,999.512,999.512,999.512,191.895,0.000
1679952330.409,244.629,245.605,212.891,999.512,0.000
1679952330.412,-1000.000,-1000.000,-1000.000,-63.477,0.000
1679952330.416,-447.754,-509.277,-248.047,-1000.000,0.000
1679952330.420,999.512,999.512,999.512,-228.516,0.000
1679952330.424,380.859,459.961,258.301,999.512,0.000
1679952330.428,-1000.000,-991.699,-1000.000,237.305,0.000
1679952330.432,-916.016,-1000.000,-596.680,-1000.000,0.000
1679952330.436,613.281,443.848,989.258,-332.031,0.000
1679952330.440,999.512,999.512,820.801,999.512,0.000
1679952330.444,-475.098,-369.141,-717.773,436.523,0.000
1679952330.448,-1000.000,-1000.000,-1000.000,-1000.000,0.000
1679952330.452,-19.531,-145.020,294.434,-754.883,0.000
1679952330.455,999.512,999.512,999.512,836.914,0.000
1679952330.459,108.398,175.781,-59.082,937.012,0.000
1679952330.463,-1000.000,-1000.000,-1000.000,-563.965,0.000
1679952330.467,-249.023,-253.906,-196.289,-1000.000,0.000
1679952330.471,999.512,999.512,999.512,91.797,0.000
1679952330.475,243.164,242.188,230.957,999.512,0.000
1679952330.479,-1000.000,-1000.000,-1000.000,46.387,0.000
1679952330.483,-560.547,-623.535,-309.082,-1000.000,0.000
1679952330.487,999.512,999.512,999.512,-244.141,0.000
1679952330.491,563.477,630.859,448.242,999.512,0.000
1679952330.495,-998.535,-930.176,-1000.000,240.723,0.000
1679952330.498,-1000.000,-1000.000,-722.656,-1000.000,0.000
1679952330.502,415.527,240.723,861.816,-419.434,0.000
1679952330.506,999.512,999.512,942.871,999.512,0.000
1679952330.510,-282.227,-190.430,-549.805,527.832,0.000
1679952330.514,-1000.000,-1000.000,-1000.000,-1000.000,0.000
1679952330.518,-137.207,-221.680,142.578,-883.301,0.000
1679952330.522,999.512,999.512,999.512,648.438,0.000
1679952330.526,223.633,238.770,57.617,999.512,0.000
1679952330.530,-1000.000,-1000.000,-1000.000,-364.258,0.000
1679952330.534,-261.230,-321.777,-243.164,-1000.000,0.000
1679952330.538,999.512,999.512,999.512,-5.859,0.000
1679952330.541,240.234,315.430,237.793,999.512,0.000
1679952330.545,-1000.000,-1000.000,-1000.000,174.316,0.000
1679952330.549,-647.461,-759.277,-385.742,-1000.000,0.000
1679952330.553,995.117,863.770,999.512,-258.789,0.000
1679952330.557,660.156,771.973,556.152,999.512,0.000
1679952330.561,-905.762,-788.574,-1000.000,240.723,0.000
1679952330.565,-1000.000,-1000.000,-841.797,-1000.000,0.000
1679952330.569,220.215,103.516,706.055,-509.277,0.000
1679952330.573,999.512,999.512,999.512,999.512,0.000
1679952330.577,-146.484,-77.148,-360.840,654.785,0.000
1679952330.581,-1000.000,-1000.000,-1000.000,-930.176,0.000
1679952330.584,-225.586,-229.980,33.691,-1000.000,0.000
1679952330.588,999.512,999.512,999.512,463.379,0.000
1679952330.592,239.258,242.676,153.809,999.512,0.000
1679952330.596,-1000.000,-1000.000,-1000.000,-202.637,0.000
1679952330.600,-345.703,-422.363,-259.277,-1000.000,0.000
1679952330.604,999.512,999.512,999.512,-136.719,0.000
1679952330.608,343.750,416.992,272.461,999.512,0.000
1679952330.612,-1000.000,-1000.000,-1000.000,223.145,0.000
1679952330.616,-789.551,-943.359,-485.840,-1000.000,0.000
1679952330.620,815.918,585.938,999.512,-265.625,0.000
1679952330.623,835.938,963.379,646.973,999.512,0.000
1679952330.627,-721.191,-560.059,-929.688,311.035,0.000
1679952330.631,-1000.000,-1000.000,-985.840,-1000.000,0.000
1679952330.635,110.352,-29.297,490.723,-618.652,0.000
1679952330.639,999.512,999.512,999.512,993.164,0.000
1679952330.643,-22.461,47.852,-197.266,771.973,0.000
1679952330.647,-1000.000,-1000.000,-1000.000,-779.297,0.000
1679952330.651,-236.328,-240.723,-92.773,-1000.000,0.000
1679952330.655,999.512,999.512,999.512,251.953,0.000
1679952330.658,242.188,243.652,208.984,999.512,0.000
1679952330.663,-1000.000,-1000.000,-1000.000,-89.355,0.000
1679952330.666,-442.383,-515.625,-266.602,-1000.000,0.000
1679952330.670,999.512,999.512,999.512,-222.656,0.000
1679952330.674,445.312,526.367,344.238,999.512,0.000
1679952330.678,-1000.000,-1000.000,-1000.000,236.816,0.000
1679952330.682,-915.039,-998.047,-579.590,-1000.000,0.000
1679952330.686,620.605,484.863,999.512,-325.195,0.000
1679952330.690,995.117,999.512,795.410,999.512,0.000
1679952330.694,-510.742,-384.277,-754.395,407.227,0.000
1679952330.698,-1000.000,-1000.000,-1000.000,-1000.000,0.000
1679952330.701,-2.930,-102.539,327.637,-774.902,0.000
1679952330.705,999.512,999.512,999.512,820.312,0.000
1679952330.709,104.492,165.039,-75.684,905.273,0.000
1679952330.713,-1000.000,-1000.000,-1000.000,-616.211,0.000
1679952330.717,-249.023,-253.906,-183.594,-1000.000,0.000
1679952330.721,999.512,999.512,999.512,91.309,0.000
1679952330.725,242.676,242.188,229.004,999.512,0.000
1679952330.729,-1000.000,-1000.000,-1000.000,18.555,0.000
1679952330.733,-537.109,-612.793,-303.223,-1000.000,0.000
1679952330.737,999.512,999.512,999.512,-240.723,0.000
1679952330.740,543.457,621.094,424.316,999.512,0.000
1679952330.744,-1000.000,-943.848,-1000.000,242.188,0.000
1679952330.748,-1000.000,-1000.000,-701.172,-1000.000,0.000
1679952330.752,417.969,278.320,888.184,-441.406,0.000
1679952330.756,999.512,999.512,919.434,999.512,0.000
1679952330.760,-301.758,-197.754,-585.449,507.324,0.000
1679952330.764,-1000.000,-1000.000,-1000.000,-1000.000,0.000
1679952330.768,-115.723,-211.426,165.527,-917.969,0.000
1679952330.772,999.512,999.512,999.512,600.098,0.000
1679952330.776,211.426,237.305,37.109,999.512,0.000
1679952330.780,-1000.000,-1000.000,-1000.000,-395.508,0.000
1679952330.784,-260.742,-318.848,-233.887,-1000.000,0.000
1679952330.787,999.512,999.512,999.512,-28.320,0.000
1679952330.791,240.234,302.734,236.328,999.512,0.000
1679952330.795,-1000.000,-1000.000,-1000.000,156.738,0.000
1679952330.799,-637.695,-737.793,-373.047,-1000.000,0.000
1679952330.803,999.512,884.766,999.512,-255.371,0.000
1679952330.807,638.184,764.648,530.273,999.512,0.000
1679952330.811,-926.270,-798.340,-1000.000,241.699,0.000
1679952330.815,-1000.000,-1000.000,-824.707,-1000.000,0.000
1679952330.819,222.168,133.789,726.562,-544.434,0.000
1679952330.823,999.512,999.512,999.512,999.512,0.000
1679952330.827,-165.039,-76.660,-381.836,645.020,0.000
1679952330.830,-1000.000,-1000.000,-1000.000,-934.570,0.000
1679952330.834,-224.121,-230.957,40.039,-1000.000,0.000
1679952330.838,999.512,999.512,999.512,410.156,0.000
1679952330.842,236.816,242.188,145.020,999.512,0.000
1679952330.846,-1000.000,-1000.000,-1000.000,-203.125,0.000
1679952330.850,-299.316,-401.367,-257.324,-1000.000,0.000
1679952330.854,999.512,999.512,999.512,-158.203,0.000
1679952330.858,338.379,412.598,261.719,999.512,0.000
1679952330.862,-1000.000,-1000.000,-1000.000,225.586,0.000
1679952330.866,-763.672,-878.418,-463.379,-1000.000,0.000
1679952330.870,856.445,693.848,999.512,-266.113,0.000
1679952330.873,801.270,914.551,640.137,999.512,0.000
1679952330.877,-756.836,-622.559,-937.500,302.246,0.000
1679952330.881,-1000.000,-1000.000,-969.238,-1000.000,0.000
1679952330.885,110.840,22.461,525.391,-679.199,0.000
1679952330.889,999.512,999.512,999.512,941.895,0.000
1679952330.893,-34.180,33.691,-235.352,757.812,0.000
1679952330.897,-1000.000,-1000.000,-1000.000,-799.316,0.000
1679952330.901,-234.863,-240.723,-86.426,-1000.000,0.000
1679952330.905,999.512,999.512,999.512,190.430,0.000
1679952330.909,240.234,243.652,201.660,999.512,0.000
1679952330.913,-1000.000,-1000.000,-1000.000,-102.051,0.000
1679952330.916,-391.113,-498.535,-264.648,-1000.000,0.000
1679952330.920,999.512,999.512,999.512,-226.074,0.000
1679952330.924,438.477,513.184,322.266,999.512,0.000
1679952330.928,-1000.000,-1000.000,-1000.000,237.793,0.000
1679952330.932,-894.043,-984.375,-571.777,-1000.000,0.000
1679952330.936,672.852,519.531,999.512,-328.125,0.000
1679952330.940,939.453,999.512,779.297,999.512,0.000
1679952330.944,-586.426,-442.383,-779.297,416.992,0.000
1679952330.948,-1000.000,-1000.000,-1000.000,-1000.000,0.000
1679952330.952,1.465,-88.379,354.492,-780.762,0.000
1679952330.956,999.512,999.512,999.512,853.516,0.000
1679952330.959,65.430,137.695,-89.355,833.496,0.000
1679952330.963,-1000.000,-1000.000,-1000.000,-749.512,0.000
1679952330.967,-244.141,-250.488,-168.945,-1000.000,0.000
1679952330.971,999.512,999.512,999.512,113.770,0.000
1679952330.975,243.164,242.676,226.074,999.512,0.000
1679952330.979,-1000.000,-1000.000,-1000.000,48.340,0.000
1679952330.983,-530.273,-607.910,-285.645,-1000.000,0.000
1679952330.987,999.512,999.512,999.512,-244.629,0.000
1679952330.991,541.992,604.004,420.898,999.512,0.000
1679952330.995,-1000.000,-952.148,-1000.000,239.746,0.000
1679952330.998,-1000.000,-1000.000,-684.082,-1000.000,0.000
1679952331.002,438.965,286.133,909.668,-406.250,0.000
1679952331.006,999.512,999.512,901.855,999.512,0.000
1679952331.010,-414.551,-256.836,-610.840,550.293,0.000
1679952331.014,-1000.000,-1000.000,-1000.000,-1000.000,0.000
1679952331.018,-109.863,-208.984,201.172,-872.070,0.000
1679952331.022,999.512,999.512,999.512,669.434,0.000
1679952331.026,169.922,229.492,22.461,999.512,0.000
1679952331.030,-1000.000,-1000.000,-1000.000,-357.422,0.000
1679952331.033,-254.883,-300.781,-229.980,-1000.000,0.000
1679952331.038,999.512,999.512,999.512,3.418,0.000
1679952331.041,241.699,283.691,235.840,999.512,0.000
1679952331.045,-1000.000,-1000.000,-1000.000,162.598,0.000
1679952331.049,-622.070,-724.121,-364.746,-1000.000,0.000
1679952331.053,999.512,900.391,999.512,-257.324,0.000
1679952331.057,634.766,746.582,536.621,999.512,0.000
1679952331.061,-923.828,-815.918,-1000.000,240.723,0.000
1679952331.065,-1000.000,-1000.000,-803.711,-1000.000,0.000
1679952331.069,229.004,150.391,758.301,-508.789,0.000
1679952331.073,999.512,999.512,999.512,999.512,0.000
1679952331.076,-213.379,-126.953,-408.691,635.742,0.000
1679952331.080,-1000.000,-1000.000,-1000.000,-946.289,0.000
1679952331.084,-220.215,-226.074,70.801,-1000.000,0.000
1679952331.088,999.512,999.512,999.512,462.402,0.000
1679952331.092,234.863,241.211,130.859,999.512,0.000
1679952331.096,-1000.000,-1000.000,-1000.000,-231.445,0.000
1679952331.100,-265.625,-381.348,-255.859,-1000.000,0.000
1679952331.104,999.512,999.512,999.512,-121.094,0.000
1679952331.108,336.426,415.039,258.301,999.512,0.000
1679952331.112,-1000.000,-1000.000,-1000.000,214.844,0.000
1679952331.115,-708.496,-876.465,-451.660,-1000.000,0.000
1679952331.119,920.410,705.078,999.512,-263.672,0.000
1679952331.123,782.227,900.391,607.422,999.512,0.000
1679952331.127,-768.555,-641.113,-968.262,290.527,0.000
1679952331.131,-1000.000,-1000.000,-954.102,-1000.000,0.000
1679952331.135,137.695,32.227,547.363,-619.141,0.000
1679952331.139,999.512,999.512,999.512,999.512,0.000
1679952331.143,-68.359,4.883,-271.973,725.586,0.000
1679952331.147,-1000.000,-1000.000,-1000.000,-833.984,0.000
1679952331.151,-231.934,-237.305,-58.105,-1000.000,0.000
1679952331.155,999.512,999.512,999.512,255.371,0.000
1679952331.158,240.234,243.652,188.477,999.512,0.000
1679952331.162,-1000.000,-1000.000,-1000.000,-136.230,0.000
1679952331.166,-369.141,-474.609,-263.184,-1000.000,0.000
1679952331.170,999.512,999.512,999.512,-211.914,0.000
1679952331.174,439.941,497.070,312.500,999.512,0.000
1679952331.178,-1000.000,-1000.000,-1000.000,235.352,0.000
1679952331.182,-835.449,-962.891,-562.012,-1000.000,0.000
1679952331.186,753.418,553.223,999.512,-311.035,0.000
1679952331.190,921.875,999.512,739.258,999.512,0.000
1679952331.194,-597.168,-463.379,-823.242,387.207,0.000
1679952331.198,-1000.000,-1000.000,-1000.000,-1000.000,0.000
1679952331.202,20.020,-64.941,372.070,-729.980,0.000
1679952331.205,999.512,999.512,999.512,876.465,0.000
1679952331.209,34.668,104.980,-131.836,871.094,0.000
1679952331.213,-1000.000,-1000.000,-1000.000,-661.621,0.000
1679952331.217,-241.211,-246.582,-158.691,-1000.000,0.000
1679952331.221,999.512,999.512,999.512,143.555,0.000
1679952331.225,242.676,243.652,226.074,999.512,0.000
1679952331.229,-1000.000,-1000.000,-1000.000,-12.695,0.000
1679952331.233,-467.773,-569.336,-291.504,-1000.000,0.000
1679952331.237,999.512,999.512,999.512,-237.793,0.000
1679952331.241,535.645,592.285,395.020,999.512,0.000
1679952331.245,-1000.000,-962.402,-1000.000,239.258,0.000
1679952331.248,-988.770,-1000.000,-669.922,-1000.000,0.000
1679952331.252,516.113,336.914,920.410,-370.117,0.000
1679952331.256,999.512,999.512,882.812,999.512,0.000
1679952331.260,-414.551,-285.156,-636.719,496.582,0.000
1679952331.264,-1000.000,-1000.000,-1000.000,-1000.000,0.000
1679952331.268,-106.934,-185.547,217.285,-832.520,0.000
1679952331.272,999.512,999.512,999.512,733.398,0.000
1679952331.276,136.230,219.238,-2.441,999.512,0.000
1679952331.280,-1000.000,-1000.000,-1000.000,-469.238,0.000
1679952331.284,-250.000,-280.762,-224.121,-1000.000,0.000
1679952331.287,999.512,999.512,999.512,45.410,0.000
1679952331.291,242.676,279.297,234.863,999.512,0.000
1679952331.295,-1000.000,-1000.000,-1000.000,128.906,0.000
1679952331.299,-574.707,-693.359,-346.191,-1000.000,0.000
1679952331.303,999.512,940.918,999.512,-253.906,0.000
1679952331.307,629.883,715.820,495.605,999.512,0.000
1679952331.311,-931.152,-843.262,-1000.000,239.746,0.000
1679952331.315,-1000.000,-1000.000,-784.180,-1000.000,0.000
1679952331.319,291.016,161.621,781.250,-449.219,0.000
1679952331.323,999.512,999.512,999.512,999.512,0.000
1679952331.327,-221.191,-136.230,-453.613,591.309,0.000
1679952331.330,-1000.000,-1000.000,-1000.000,-987.793,0.000
1679952331.334,-219.238,-225.098,92.285,-962.402,0.000
1679952331.338,999.512,999.512,999.512,537.109,0.000
1679952331.342,234.863,239.746,116.211,999.512,0.000
1679952331.346,-1000.000,-1000.000,-1000.000,-287.598,0.000
1679952331.350,-264.648,-346.680,-253.418,-1000.000,0.000
1679952331.354,999.512,999.512,999.512,-67.871,0.000
1679952331.358,323.242,376.465,238.281,999.512,0.000
1679952331.362,-1000.000,-1000.000,-1000.000,200.195,0.000
1679952331.366,-653.320,-851.562,-419.434,-1000.000,0.000
1679952331.370,975.586,733.887,999.512,-262.695,0.000
1679952331.373,773.438,880.859,593.750,999.512,0.000
1679952331.377,-768.555,-667.969,-982.910,276.367,0.000
1679952331.381,-1000.000,-1000.000,-924.316,-1000.000,0.000
1679952331.385,166.504,66.406,585.449,-567.871,0.000
1679952331.389,999.512,999.512,999.512,999.512,0.000
1679952331.393,-113.281,-25.879,-275.879,712.891,0.000
1679952331.397,-1000.000,-1000.000,-1000.000,-854.492,0.000
1679952331.401,-227.539,-234.375,-21.484,-1000.000,0.000
1679952331.405,999.512,999.512,999.512,337.402,0.000
1679952331.408,240.723,243.164,186.035,999.512,0.000
1679952331.413,-1000.000,-1000.000,-1000.000,-154.297,0.000
1679952331.416,-368.652,-449.219,-262.695,-1000.000,0.000
1679952331.420,999.512,999.512,999.512,-184.570,0.000
1679952331.424,427.246,475.586,287.109,999.512,0.000
1679952331.428,-1000.000,-1000.000,-1000.000,229.492,0.000
1679952331.432,-795.898,-941.406,-529.297,-1000.000,0.000
1679952331.436,799.805,590.820,999.512,-272.461,0.000
1679952331.440,916.992,996.582,718.262,999.512,0.000
1679952331.444,-599.121,-501.953,-848.145,381.348,0.000
1679952331.448,-1000.000,-1000.000,-1000.000,-1000.000,0.000
1679952331.451,46.875,-48.340,405.273,-673.828,0.000
1679952331.455,999.512,999.512,999.512,934.570,0.000
1679952331.459,0.000,86.426,-131.836,852.539,0.000
1679952331.463,-1000.000,-1000.000,-1000.000,-675.293,0.000
1679952331.467,-237.305,-245.117,-137.207,-1000.000,0.000
1679952331.471,999.512,999.512,999.512,174.805,0.000
1679952331.475,243.164,243.652,222.168,999.512,0.000
1679952331.479,-1000.000,-1000.000,-1000.000,-26.367,0.000
1679952331.483,-467.285,-547.363,-275.879,-1000.000,0.000
1679952331.487,999.512,999.512,999.512,-236.816,0.000
1679952331.490,524.414,569.824,364.746,999.512,0.000
1679952331.494,-1000.000,-979.980,-1000.000,238.770,0.000
1679952331.498,-926.270,-1000.000,-645.508,-1000.000,0.000
1679952331.502,605.469,374.023,948.730,-363.281,0.000
1679952331.506,999.512,999.512,843.262,999.512,0.000
1679952331.510,-418.457,-300.781,-695.312,481.445,0.000
1679952331.514,-1000.000,-1000.000,-1000.000,-1000.000,0.000
1679952331.518,-66.406,-178.711,260.254,-835.449,0.000
1679952331.522,999.512,999.512,999.512,732.910,0.000
1679952331.526,114.258,206.543,-25.879,993.164,0.000
1679952331.530,-1000.000,-1000.000,-1000.000,-493.652,0.000
1679952331.533,-248.047,-257.812,-214.844,-1000.000,0.000
1679952331.537,999.512,999.512,999.512,44.922,0.000
1679952331.541,242.676,253.418,233.398,999.512,0.000
1679952331.545,-1000.000,-1000.000,-1000.000,72.266,0.000
1679952331.549,-560.547,-667.480,-330.566,-1000.000,0.000
1679952331.553,999.512,962.891,999.512,-246.094,0.000
1679952331.557,625.000,700.684,476.562,999.512,0.000
1679952331.561,-960.449,-867.188,-1000.000,242.188,0.000
1679952331.565,-1000.000,-1000.000,-753.906,-1000.000,0.000
1679952331.569,410.645,215.820,820.312,-472.656,0.000
1679952331.573,999.512,999.512,980.469,999.512,0.000
1679952331.576,-228.027,-136.719,-492.676,582.031,0.000
1679952331.580,-1000.000,-1000.000,-1000.000,-992.676,0.000
1679952331.584,-165.527,-226.074,112.305,-974.609,0.000
1679952331.588,999.512,999.512,999.512,521.973,0.000
1679952331.592,227.051,238.770,83.984,999.512,0.000
1679952331.596,-1000.000,-1000.000,-1000.000,-313.477,0.000
1679952331.600,-263.672,-329.102,-249.512,-1000.000,0.000
1679952331.604,999.512,999.512,999.512,-87.402,0.000
1679952331.608,291.504,353.516,238.770,999.512,0.000
1679952331.612,-1000.000,-1000.000,-1000.000,188.965,0.000
1679952331.616,-648.926,-780.273,-405.762,-1000.000,0.000
1679952331.619,974.609,824.219,999.512,-259.277,0.000
1679952331.623,766.113,844.727,559.570,999.512,0.000
1679952331.627,-790.527,-694.824,-1000.000,262.207,0.000
1679952331.631,-1000.000,-1000.000,-897.461,-1000.000,0.000
1679952331.635,221.191,62.500,627.441,-584.961,0.000
1679952331.639,999.512,999.512,999.512,999.512,0.000
1679952331.643,-118.164,-37.109,-335.449,683.105,0.000
1679952331.647,-1000.000,-1000.000,-1000.000,-884.277,0.000
1679952331.651,-228.027,-233.398,-9.766,-1000.000,0.000
1679952331.655,999.512,999.512,999.512,314.453,0.000
1679952331.659,240.234,243.164,166.504,999.512,0.000
1679952331.662,-1000.000,-1000.000,-1000.000,-157.715,0.000
1679952331.666,-365.234,-436.523,-260.254,-1000.000,0.000
1679952331.670,999.512,999.512,999.512,-190.918,0.000
1679952331.674,388.672,447.266,281.250,999.512,0.000
1679952331.678,-1000.000,-1000.000,-1000.000,231.445,0.000
1679952331.682,-790.039,-894.531,-515.137,-1000.000,0.000
1679952331.686,799.805,656.250,999.512,-288.086,0.000
1679952331.690,907.227,975.586,693.359,999.512,0.000
1679952331.694,-626.465,-529.297,-885.254,361.816,0.000
1679952331.698,-1000.000,-1000.000,-1000.000,-1000.000,0.000
1679952331.702,107.422,-20.996,464.844,-687.012,0.000
1679952331.705,999.512,999.512,999.512,918.457,0.000
1679952331.709,-6.836,70.312,-176.758,847.168,0.000
1679952331.713,-1000.000,-1000.000,-1000.000,-686.523,0.000
1679952331.717,-237.793,-243.652,-123.047,-1000.000,0.000
1679952331.721,999.512,999.512,999.512,170.898,0.000
1679952331.725,242.676,243.652,215.332,999.512,0.000
1679952331.729,-1000.000,-1000.000,-1000.000,-42.480,0.000
1679952331.733,-460.938,-528.809,-267.090,-1000.000,0.000
1679952331.737,999.512,999.512,999.512,-234.863,0.000
1679952331.741,496.094,548.828,352.539,999.512,0.000
1679952331.745,-1000.000,-1000.000,-1000.000,239.746,0.000
1679952331.748,-917.480,-1000.000,-607.422,-1000.000,0.000
1679952331.752,607.422,457.031,983.887,-375.000,0.000
1679952331.756,999.512,999.512,820.312,999.512,0.000
1679952331.760,-425.293,-337.402,-717.285,456.055,0.000
1679952331.764,-1000.000,-1000.000,-1000.000,-1000.000,0.000
1679952331.768,-2.930,-131.836,278.320,-851.074,0.000
1679952331.772,999.512,999.512,999.512,718.262,0.000
1679952331.776,106.445,183.594,-53.223,964.355,0.000
1679952331.780,-1000.000,-1000.000,-1000.000,-540.039,0.000
1679952331.783,-249.512,-255.371,-207.520,-1000.000,0.000
1679952331.787,999.512,999.512,999.512,31.250,0.000
1679952331.791,242.676,241.699,232.422,999.512,0.000
1679952331.795,-1000.000,-1000.000,-1000.000,64.453,0.000
1679952331.799,-541.016,-613.770,-311.035,-1000.000,0.000
1679952331.803,999.512,999.512,999.512,-244.629,0.000
1679952331.807,601.562,666.504,447.266,999.512,0.000
1679952331.811,-971.191,-899.414,-1000.000,242.676,0.000
1679952331.815,-1000.000,-1000.000,-741.211,-1000.000,0.000
1679952331.819,409.180,265.137,842.773,-500.977,0.000
1679952331.823,999.512,999.512,945.312,999.512,0.000
1679952331.826,-232.422,-166.016,-550.293,555.176,0.000
1679952331.830,-1000.000,-1000.000,-1000.000,-1000.000,0.000
1679952331.834,-118.652,-214.844,133.301,-971.191,0.000
1679952331.838,999.512,999.512,999.512,517.090,0.000
1679952331.842,220.703,235.840,43.945,999.512,0.000
1679952331.846,-1000.000,-1000.000,-1000.000,-328.125,0.000
1679952331.850,-269.531,-307.129,-246.094,-1000.000,0.000
1679952331.854,999.512,999.512,999.512,-80.566,0.000
1679952331.858,202.148,345.703,183.594,999.512,0.000
1679952331.862,-1000.000,-1000.000,-1000.000,184.570,0.000
1679952331.865,-352.539,-538.574,-108.398,-1000.000,0.000
1679952331.869,969.238,863.770,999.512,-257.812,0.000
1679952331.873,719.238,789.551,539.551,999.512,0.000
1679952331.877,-821.289,-745.117,-1000.000,245.117,0.000
1679952331.881,-1000.000,-1000.000,-867.676,-1000.000,0.000
1679952331.885,219.238,103.027,669.922,-564.941,0.000
1679952331.889,999.512,999.512,999.512,999.512,0.000
1679952331.893,-118.164,-63.477,-360.840,672.363,0.000
1679952331.897,-1000.000,-1000.000,-1000.000,-901.855,0.000
1679952331.901,-228.027,-231.445,11.719,-1000.000,0.000
1679952331.905,999.512,999.512,999.512,362.793,0.000
1679952331.909,238.281,243.652,149.414,999.512,0.000
1679952331.912,-1000.000,-1000.000,-1000.000,-177.734,0.000
1679952331.916,-281.250,-385.742,-238.770,-1000.000,0.000
1679952331.920,999.512,999.512,999.512,-171.875,0.000
1679952331.924,249.023,338.379,176.758,999.512,0.000
1679952331.928,-1000.000,-1000.000,-1000.000,228.027,0.000
1679952331.932,-771.973,-871.094,-483.887,-1000.000,0.000
1679952331.936,824.219,693.848,999.512,-266.602,0.000
1679952331.940,858.887,939.453,656.250,999.512,0.000
1679952331.944,-686.035,-583.008,-931.152,347.656,0.000
1679952331.948,-1000.000,-1000.000,-966.797,-1000.000,0.000
1679952331.952,108.887,18.555,523.438,-631.348,0.000
1679952331.955,999.512,999.512,999.512,976.562,0.000
1679952331.959,-7.324,44.434,-197.754,816.895,0.000
1679952331.963,-1000.000,-1000.000,-1000.000,-721.680,0.000
1679952331.967,-237.793,-241.699,-87.891,-1000.000,0.000
1679952331.971,999.512,999.512,999.512,230.957,0.000
1679952331.975,241.211,243.652,204.102,999.512,0.000
1679952331.979,-1000.000,-1000.000,-1000.000,-63.477,0.000
1679952331.983,-417.969,-510.254,-266.113,-1000.000,0.000
1679952331.987,999.512,999.512,999.512,-221.680,0.000
1679952331.991,441.895,521.484,338.379,999.512,0.000
1679952331.995,-1000.000,-1000.000,-1000.000,235.840,0.000
1679952331.998,-903.320,-1000.000,-579.590,-1000.000,0.000
1679952332.002,637.695,486.328,999.512,-324.707,0.000
1679952332.006,990.723,999.512,790.527,999.512,0.000
1679952332.010,-512.695,-412.109,-764.160,438.477,0.000
1679952332.014,-1000.000,-1000.000,-1000.000,-1000.000,0.000
1679952332.018,-1.953,-89.355,341.309,-750.488,0.000
1679952332.022,999.512,999.512,999.512,844.238,0.000
1679952332.026,98.633,156.250,-83.008,932.129,0.000
1679952332.030,-1000.000,-1000.000,-1000.000,-567.383,0.000
1679952332.034,-248.535,-253.418,-181.641,-1000.000,0.000
1679952332.038,999.512,999.512,999.512,88.379,0.000
1679952332.041,242.188,242.188,228.516,999.512,0.000
1679952332.045,-1000.000,-1000.000,-1000.000,47.363,0.000
1679952332.049,-515.137,-602.051,-297.852,-1000.000,0.000
1679952332.053,999.512,999.512,999.512,-244.141,0.000
1679952332.057,541.016,621.094,423.828,999.512,0.000
1679952332.061,-1000.000,-946.289,-1000.000,240.723,0.000
1679952332.065,-1000.000,-1000.000,-696.777,-1000.000,0.000
1679952332.069,445.801,299.805,894.043,-425.293,0.000
1679952332.073,999.512,999.512,916.016,999.512,0.000
1679952332.077,-301.758,-208.496,-592.285,516.113,0.000
1679952332.081,-1000.000,-1000.000,-1000.000,-1000.000,0.000
1679952332.084,-116.699,-195.312,179.199,-879.883,0.000
1679952332.088,999.512,999.512,999.512,658.691,0.000
1679952332.092,220.703,232.910,32.715,999.512,0.000
1679952332.096,-1000.000,-1000.000,-1000.000,-398.438,0.000
1679952332.100,-262.207,-285.156,-234.375,-1000.000,0.000
1679952332.104,999.512,999.512,999.512,-1.953,0.000
1679952332.108,240.234,300.293,236.816,999.512,0.000
1679952332.112,-1000.000,-1000.000,-1000.000,137.207,0.000
1679952332.116,-584.473,-703.613,-376.953,-1000.000,0.000
1679952332.120,999.512,922.363,999.512,-253.906,0.000
1679952332.123,644.043,760.742,517.090,999.512,0.000
1679952332.127,-914.062,-796.875,-1000.000,241.699,0.000
1679952332.131,-1000.000,-1000.000,-819.824,-1000.000,0.000
1679952332.135,257.812,153.809,731.445,-517.578,0.000
1679952332.139,999.512,999.512,999.512,999.512,0.000
1679952332.143,-155.762,-85.449,-392.578,609.375,0.000
1679952332.147,-1000.000,-1000.000,-1000.000,-978.516,0.000
1679952332.151,-225.098,-229.980,26.855,-993.164,0.000
1679952332.155,999.512,999.512,999.512,478.027,0.000
1679952332.158,234.375,241.211,128.906,999.512,0.000
1679952332.163,-1000.000,-1000.000,-1000.000,-232.422,0.000
1679952332.166,-265.625,-377.441,-254.883,-1000.000,0.000
1679952332.170,999.512,999.512,999.512,-86.426,0.000
1679952332.174,334.961,404.297,260.742,999.512,0.000
1679952332.178,-1000.000,-1000.000,-1000.000,216.309,0.000
1679952332.182,-730.469,-853.027,-455.566,-1000.000,0.000
1679952332.186,896.484,728.516,999.512,-266.602,0.000
1679952332.190,785.645,904.785,634.277,999.512,0.000
1679952332.194,-768.066,-632.812,-955.078,307.129,0.000
1679952332.198,-1000.000,-1000.000,-933.105,-1000.000,0.000
1679952332.201,125.488,44.434,576.660,-577.637,0.000
1679952332.205,999.512,999.512,999.512,999.512,0.000
1679952332.209,-55.176,12.207,-245.605,745.605,0.000
1679952332.213,-1000.000,-1000.000,-1000.000,-812.500,0.000
1679952332.217,-233.398,-238.770,-51.758,-1000.000,0.000
1679952332.221,999.512,999.512,999.512,304.199,0.000
1679952332.225,240.234,243.652,192.383,999.512,0.000
1679952332.229,-1000.000,-1000.000,-1000.000,-104.980,0.000
1679952332.233,-369.141,-485.352,-264.160,-1000.000,0.000
1679952332.237,999.512,999.512,999.512,-201.660,0.000
1679952332.240,439.453,507.812,313.965,999.512,0.000
1679952332.244,-1000.000,-1000.000,-1000.000,231.934,0.000
1679952332.248,-844.727,-967.285,-559.082,-1000.000,0.000
1679952332.252,739.258,545.898,999.512,-293.457,0.000
1679952332.256,928.223,999.512,746.094,999.512,0.000
1679952332.260,-592.285,-450.684,-814.453,393.555,0.000
1679952332.264,-1000.000,-1000.000,-1000.000,-1000.000,0.000
1679952332.268,21.484,-65.918,367.676,-725.098,0.000
1679952332.272,999.512,999.512,999.512,884.277,0.000
1679952332.276,70.801,129.395,-115.723,867.676,0.000
1679952332.280,-1000.000,-1000.000,-1000.000,-659.668,0.000
1679952332.284,-245.605,-250.000,-165.039,-1000.000,0.000
1679952332.287,999.512,999.512,999.512,129.395,0.000
1679952332.291,241.699,243.164,226.562,999.512,0.000
1679952332.295,-1000.000,-1000.000,-1000.000,-27.832,0.000
1679952332.299,-467.773,-594.727,-287.109,-1000.000,0.000
1679952332.303,999.512,999.512,999.512,-235.840,0.000
1679952332.307,541.016,613.770,397.461,999.512,0.000
1679952332.311,-1000.000,-962.402,-1000.000,241.211,0.000
1679952332.315,-935.547,-1000.000,-671.875,-1000.000,0.000
1679952332.319,581.543,344.727,922.363,-401.855,0.000
1679952332.323,999.512,999.512,876.465,999.512,0.000
1679952332.327,-364.746,-174.805,-646.484,488.770,0.000
1679952332.330,-1000.000,-1000.000,-1000.000,-1000.000,0.000
1679952332.334,-80.078,-185.059,218.262,-884.766,0.000
1679952332.338,999.512,999.512,999.512,671.875,0.000
1679952332.342,191.895,224.121,-1.465,999.512,0.000
1679952332.346,-1000.000,-1000.000,-1000.000,-488.281,0.000
1679952332.350,-259.277,-271.973,-228.027,-1000.000,0.000
1679952332.354,999.512,999.512,999.512,-6.348,0.000
1679952332.358,240.723,299.316,235.840,999.512,0.000
1679952332.362,-1000.000,-1000.000,-1000.000,87.891,0.000
1679952332.366,-560.547,-651.367,-352.539,-1000.000,0.000
1679952332.370,999.512,979.004,999.512,-246.582,0.000
1679952332.373,633.301,729.004,501.953,999.512,0.000
1679952332.377,-945.801,-822.266,-1000.000,242.188,0.000
1679952332.381,-1000.000,-1000.000,-811.035,-1000.000,0.000
1679952332.385,371.582,189.453,757.324,-493.652,0.000
1679952332.389,999.512,999.512,999.512,999.512,0.000
1679952332.393,-219.238,-132.812,-466.309,596.680,0.000
1679952332.397,-1000.000,-1000.000,-1000.000,-987.305,0.000
1679952332.401,-203.125,-226.074,78.613,-976.074,0.000
1679952332.405,999.512,999.512,999.512,508.789,0.000
1679952332.409,232.422,239.746,111.816,999.512,0.000
1679952332.413,-1000.000,-1000.000,-1000.000,-266.602,0.000
1679952332.416,-265.137,-346.191,-252.930,-1000.000,0.000
1679952332.420,999.512,999.512,999.512,-79.102,0.000
1679952332.424,325.195,372.559,246.582,999.512,0.000
1679952332.428,-1000.000,-1000.000,-1000.000,208.496,0.000
1679952332.432,-653.809,-822.266,-450.195,-1000.000,0.000
1679952332.436,976.074,768.555,999.512,-265.625,0.000
1679952332.440,771.973,875.000,606.445,999.512,0.000
1679952332.444,-766.113,-665.527,-985.840,305.176,0.000
1679952332.448,-1000.000,-1000.000,-904.785,-1000.000,0.000
1679952332.452,148.438,58.105,613.281,-548.340,0.000
1679952332.456,999.512,999.512,999.512,999.512,0.000
1679952332.459,-111.816,-26.367,-276.367,717.773,0.000
1679952332.463,-1000.000,-1000.000,-1000.000,-860.352,0.000
1679952332.467,-227.539,-234.375,-24.902,-1000.000,0.000
1679952332.471,999.512,999.512,999.512,339.844,0.000
1679952332.475,240.234,243.164,184.082,999.512,0.000
1679952332.479,-1000.000,-1000.000,-1000.000,-112.305,0.000
1679952332.483,-369.141,-444.824,-263.184,-1000.000,0.000
1679952332.487,999.512,999.512,999.512,-199.707,0.000
1679952332.491,443.359,485.352,298.340,999.512,0.000
1679952332.495,-1000.000,-1000.000,-1000.000,230.957,0.000
1679952332.498,-798.340,-923.340,-535.156,-1000.000,0.000
1679952332.502,800.781,616.699,999.512,-282.715,0.000
1679952332.506,917.969,999.512,726.074,999.512,0.000
1679952332.510,-602.051,-491.699,-844.727,403.809,0.000
1679952332.514,-1000.000,-1000.000,-1000.000,-1000.000,0.000
1679952332.518,72.754,-48.340,422.363,-693.359,0.000
1679952332.522,999.512,999.512,999.512,912.109,0.000
1679952332.526,-2.930,87.402,-142.090,878.418,0.000
1679952332.530,-1000.000,-1000.000,-1000.000,-645.508,0.000
1679952332.533,-237.305,-245.117,-140.625,-1000.000,0.000
1679952332.538,999.512,999.512,999.512,170.898,0.000
1679952332.541,243.164,243.652,222.656,999.512,0.000
1679952332.545,-1000.000,-1000.000,-1000.000,3.906,0.000
1679952332.549,-467.773,-544.922,-273.926,-1000.000,0.000
1679952332.553,999.512,999.512,999.512,-240.234,0.000
1679952332.557,535.645,585.938,381.348,999.512,0.000
1679952332.561,-1000.000,-964.355,-1000.000,237.305,0.000
1679952332.565,-925.293,-1000.000,-608.398,-1000.000,0.000
1679952332.569,611.328,356.445,978.516,-343.262,0.000
1679952332.573,999.512,999.512,849.609,999.512,0.000
1679952332.576,-418.457,-305.664,-673.340,501.465,0.000
1679952332.580,-1000.000,-1000.000,-1000.000,-1000.000,0.000
1679952332.584,-67.871,-172.363,258.301,-804.199,0.000
1679952332.588,999.512,999.512,999.512,760.742,0.000
1679952332.592,114.746,205.078,-9.277,999.512,0.000
1679952332.596,-1000.000,-1000.000,-1000.000,-437.500,0.000
1679952332.600,-248.047,-259.277,-214.355,-1000.000,0.000
1679952332.604,999.512,999.512,999.512,73.730,0.000
1679952332.608,243.164,281.738,232.910,999.512,0.000
1679952332.612,-1000.000,-1000.000,-1000.000,131.836,0.000
1679952332.615,-560.547,-654.785,-326.172,-1000.000,0.000
1679952332.619,999.512,987.793,999.512,-254.883,0.000
1679952332.623,625.488,677.246,477.051,999.512,0.000
1679952332.627,-959.961,-878.418,-1000.000,239.746,0.000
1679952332.631,-1000.000,-1000.000,-750.977,-1000.000,0.000
1679952332.635,411.133,186.035,829.590,-448.242,0.000
1679952332.639,999.512,999.512,967.773,999.512,0.000
1679952332.643,-227.539,-157.715,-511.719,591.797,0.000
1679952332.647,-1000.000,-1000.000,-1000.000,-995.605,0.000
1679952332.651,-172.363,-223.633,112.793,-938.477,0.000
1679952332.655,999.512,999.512,999.512,571.289,0.000
1679952332.658,228.027,239.258,74.707,999.512,0.000
1679952332.662,-1000.000,-1000.000,-1000.000,-288.574,0.000
1679952332.666,-264.160,-330.078,-248.047,-1000.000,0.000
1679952332.670,999.512,999.512,999.512,-62.012,0.000
1679952332.674,297.852,348.633,238.770,999.512,0.000
1679952332.678,-1000.000,-1000.000,-1000.000,193.359,0.000
1679952332.682,-649.414,-763.184,-410.156,-1000.000,0.000
1679952332.686,971.680,842.773,999.512,-261.719,0.000
1679952332.690,778.320,843.750,573.242,999.512,0.000
1679952332.694,-776.855,-699.219,-1000.000,269.043,0.000
1679952332.698,-1000.000,-1000.000,-871.094,-1000.000,0.000
1679952332.702,221.680,97.168,666.992,-554.688,0.000
1679952332.705,999.512,999.512,999.512,999.512,0.000
1679952332.709,-118.164,-41.504,-337.402,701.660,0.000
1679952332.713,-1000.000,-1000.000,-1000.000,-867.676,0.000
1679952332.717,-228.027,-233.887,-14.160,-1000.000,0.000
1679952332.721,999.512,999.512,999.512,356.934,0.000
1679952332.725,238.770,242.188,158.691,999.512,0.000
1679952332.729,-1000.000,-1000.000,-1000.000,-164.062,0.000
1679952332.733,-341.797,-427.734,-258.789,-1000.000,0.000
1679952332.737,999.512,999.512,999.512,-184.570,0.000
1679952332.741,410.156,465.332,278.809,999.512,0.000
1679952332.745,-1000.000,-1000.000,-1000.000,229.492,0.000
1679952332.748,-793.945,-889.160,-513.184,-1000.000,0.000
1679952332.752,797.852,665.527,999.512,-270.508,0.000
1679952332.756,921.875,979.492,673.828,999.512,0.000
1679952332.760,-606.934,-514.648,-907.227,347.168,0.000
1679952332.764,-1000.000,-1000.000,-1000.000,-1000.000,0.000
1679952332.768,110.352,-43.457,466.309,-680.664,0.000
1679952332.772,999.512,999.512,999.512,931.152,0.000
1679952332.776,-6.836,77.637,-182.129,819.336,0.000
1679952332.780,-1000.000,-1000.000,-1000.000,-723.145,0.000
1679952332.784,-237.793,-244.141,-117.676,-1000.000,0.000
1679952332.787,999.512,999.512,999.512,187.988,0.000
1679952332.791,242.188,243.164,210.938,999.512,0.000
1679952332.795,-1000.000,-1000.000,-1000.000,-56.152,0.000
1679952332.799,-439.941,-521.973,-266.113,-1000.000,0.000
1679952332.803,999.512,999.512,999.512,-233.398,0.000
1679952332.807,508.789,555.664,349.609,999.512,0.000
1679952332.811,-1000.000,-1000.000,-1000.000,237.793,0.000
1679952332.815,-921.387,-1000.000,-614.746,-1000.000,0.000
1679952332.819,608.887,470.215,984.863,-333.496,0.000
1679952332.823,999.512,999.512,799.316,999.512,0.000
1679952332.827,-425.293,-329.590,-752.441,449.219,0.000
1679952332.830,-1000.000,-1000.000,-1000.000,-1000.000,0.000
1679952332.834,-2.930,-114.746,296.875,-775.391,0.000
1679952332.838,999.512,999.512,999.512,809.082,0.000
1679952332.842,106.445,189.453,-61.523,956.543,0.000
1679952332.846,-1000.000,-1000.000,-1000.000,-539.062,0.000
1679952332.850,-249.512,-256.836,-206.543,-1000.000,0.000
1679952332.854,999.512,999.512,999.512,84.473,0.000
1679952332.858,242.676,241.699,232.910,999.512,0.000
1679952332.862,-1000.000,-1000.000,-1000.000,56.152,0.000
